Workbook

Sheet Raw
A1: ticket_id | B1: month | C1: team_id | D1: channel | E1: resolution_hours | F1: satisfaction
A2: 1 | B2: Jan | C2: T1 | D2: Email | E2: 12 | F2: 4
A3: 2 | B3: Jan | C3: T2 | D3: Chat | E3: 28 | F3: 3
A4: 3 | B4: Jan | C4: T3 | D4: Phone | E4: 36 | F4: 2
A5: 4 | B5: Jan | C5: T4 | D5: Email | E5: 20 | F5: 4
A6: 5 | B6: Feb | C6: T1 | D6: Chat | E6: 8 | F6: 5
A7: 6 | B7: Feb | C7: T2 | D7: Phone | E7: 30 | F7: 3
A8: 7 | B8: Feb | C8: T3 | D8: Email | E8: 18 | F8: 4
A9: 8 | B9: Feb | C9: T4 | D9: Chat | E9: 40 | F9: 2
A10: 9 | B10: Mar | C10: T1 | D10: Phone | E10: 16 | F10: 4
A11: 10 | B11: Mar | C11: T2 | D11: Email | E11: 22 | F11: 4
A12: 11 | B12: Mar | C12: T3 | D12: Chat | E12: 32 | F12: 3
A13: 12 | B13: Mar | C13: T4 | D13: Phone | E13: 24 | F13: 5
A14: 12 | B14: Mar | C14: T4 | D14: Phone | E14: 24 | F14: 5

Sheet Lookup
A1: team_id | B1: team | C1: department
A2: T1 | B2: AccountCare | C2: Service
A3: T2 | B3: BillingHelp | C3: Service
A4: T3 | B4: AppSupport | C4: Technical
A5: T4 | B5: DeviceHelp | C5: Technical

Sheet Clean
A1: ticket_id | B1: month | C1: team_id | D1: channel | E1: resolution_hours | F1: satisfaction | G1: department | H1: breach_flag
A2: 1 | B2: Jan | C2: T1 | D2: Email | E2: 12 | F2: 4 | G2: =INDEX(Lookup!$C$2:$C$5,MATCH(tickets__25[[#This Row],[team_id]],Lookup!$A$2:$A$5,0)) -> Service | H2: =IF(tickets__25[[#This Row],[resolution_hours]]>24,1,0) -> 0
A3: 2 | B3: Jan | C3: T2 | D3: Chat | E3: 28 | F3: 3 | G3: =INDEX(Lookup!$C$2:$C$5,MATCH(tickets__25[[#This Row],[team_id]],Lookup!$A$2:$A$5,0)) -> Service | H3: =IF(tickets__25[[#This Row],[resolution_hours]]>24,1,0) -> 1
A4: 3 | B4: Jan | C4: T3 | D4: Phone | E4: 36 | F4: 2 | G4: =INDEX(Lookup!$C$2:$C$5,MATCH(tickets__25[[#This Row],[team_id]],Lookup!$A$2:$A$5,0)) -> Technical | H4: =IF(tickets__25[[#This Row],[resolution_hours]]>24,1,0) -> 1
A5: 4 | B5: Jan | C5: T4 | D5: Email | E5: 20 | F5: 4 | G5: =INDEX(Lookup!$C$2:$C$5,MATCH(tickets__25[[#This Row],[team_id]],Lookup!$A$2:$A$5,0)) -> Technical | H5: =IF(tickets__25[[#This Row],[resolution_hours]]>24,1,0) -> 0
A6: 5 | B6: Feb | C6: T1 | D6: Chat | E6: 8 | F6: 5 | G6: =INDEX(Lookup!$C$2:$C$5,MATCH(tickets__25[[#This Row],[team_id]],Lookup!$A$2:$A$5,0)) -> Service | H6: =IF(tickets__25[[#This Row],[resolution_hours]]>24,1,0) -> 0
A7: 6 | B7: Feb | C7: T2 | D7: Phone | E7: 30 | F7: 3 | G7: =INDEX(Lookup!$C$2:$C$5,MATCH(tickets__25[[#This Row],[team_id]],Lookup!$A$2:$A$5,0)) -> Service | H7: =IF(tickets__25[[#This Row],[resolution_hours]]>24,1,0) -> 1
A8: 7 | B8: Feb | C8: T3 | D8: Email | E8: 18 | F8: 4 | G8: =INDEX(Lookup!$C$2:$C$5,MATCH(tickets__25[[#This Row],[team_id]],Lookup!$A$2:$A$5,0)) -> Technical | H8: =IF(tickets__25[[#This Row],[resolution_hours]]>24,1,0) -> 0
A9: 8 | B9: Feb | C9: T4 | D9: Chat | E9: 40 | F9: 2 | G9: =INDEX(Lookup!$C$2:$C$5,MATCH(tickets__25[[#This Row],[team_id]],Lookup!$A$2:$A$5,0)) -> Technical | H9: =IF(tickets__25[[#This Row],[resolution_hours]]>24,1,0) -> 1
A10: 9 | B10: Mar | C10: T1 | D10: Phone | E10: 16 | F10: 4 | G10: =INDEX(Lookup!$C$2:$C$5,MATCH(tickets__25[[#This Row],[team_id]],Lookup!$A$2:$A$5,0)) -> Service | H10: =IF(tickets__25[[#This Row],[resolution_hours]]>24,1,0) -> 0
A11: 10 | B11: Mar | C11: T2 | D11: Email | E11: 22 | F11: 4 | G11: =INDEX(Lookup!$C$2:$C$5,MATCH(tickets__25[[#This Row],[team_id]],Lookup!$A$2:$A$5,0)) -> Service | H11: =IF(tickets__25[[#This Row],[resolution_hours]]>24,1,0) -> 0
A12: 11 | B12: Mar | C12: T3 | D12: Chat | E12: 32 | F12: 3 | G12: =INDEX(Lookup!$C$2:$C$5,MATCH(tickets__25[[#This Row],[team_id]],Lookup!$A$2:$A$5,0)) -> Technical | H12: =IF(tickets__25[[#This Row],[resolution_hours]]>24,1,0) -> 1
A13: 12 | B13: Mar | C13: T4 | D13: Phone | E13: 24 | F13: 5 | G13: =INDEX(Lookup!$C$2:$C$5,MATCH(tickets__25[[#This Row],[team_id]],Lookup!$A$2:$A$5,0)) -> Technical | H13: =IF(tickets__25[[#This Row],[resolution_hours]]>24,1,0) -> 0
A18: Before Row Count | C18: =COUNTA(tickets__2[ticket_id]) -> 13
A20: After Row Count | C20: =COUNTA(tickets__25[ticket_id]) -> 12

Sheet Summary
A1: Category | E1: Email | F1: Chat | G1: Phone
A2: Number Of Breached Tickets | E2: =COUNTIFS(tickets__25[channel],"=Email",tickets__25[breach_flag],"=1") -> 0 | F2: =COUNTIFS(tickets__25[channel],"=Chat",tickets__25[breach_flag],"=1") -> 3 | G2: =COUNTIFS(tickets__25[channel],"=Phone",tickets__25[breach_flag],"=1") -> 2
A5: Average of resolution_hours
B6: Service | C6: Technical | D6: Grand Total
A7: Jan | B7: 20 | C7: 28 | D7: 24
A8: Feb | B8: 19 | C8: 29 | D8: 24
A9: Mar | B9: 19 | C9: 28 | D9: 23.5
A10: Grand Total | B10: 19.333333 | C10: 28.333333 | D10: 23.833333
